,size of model,cardinality of dataset,pred time,max error,min error,avg error,dataset,setting
0,16000376,159264,563513278.9611816,0.0,0.0,0.0,beta1,adaptiveSize
1,16000376,159264,581522703.1707764,0.0,0.0,0.0,beta1,adaptiveTime
2,16000376,159264,574530839.920044,0.0,0.0,0.0,beta1,adaptivePrecision
3,16000376,159264,560503482.8186035,0.0,0.0,0.0,beta1,adaptiveOptimal
4,1289184,159264,42795985937.11853,32.347963221819796,-466.0802790928574,2.5852982563247853,beta1,mvr
5,23222664,159264,1157054185.8673096,66.218887496698,-86.57164340867894,2.6152828791530687,beta1,nn
